key,on,weight,sports,metric,counted,min,max,step,words
cycle_miles,yes,3,cycle,miles,week,8,15,1,"Ride {bar} miles this week, as many rides as you like"
cycle_one_ride,yes,3,cycle,miles,one,6,12,1,One ride of {bar} miles or more
cycle_rides,yes,3,cycle,outings,week,2,3,1,Go out on your bike {bar} times this week
cycle_climb,yes,3,cycle,climb_m,week,150,300,50,Climb {bar} m on your bike this week
cycle_hours,yes,2,cycle,hours,week,1.5,3,0.5,{bar} hours on your bike this week
outings,yes,1,any,outings,week,2,3,1,"Get out {bar} times this week: walk, ride, anything"
active_days,yes,1,any,days,week,2,4,1,Get out on {bar} different days this week
walk_miles,yes,1,walk,miles,week,5,10,1,Walk {bar} miles this week
walk_one,yes,1,walk,miles,one,4,7,1,One walk of {bar} miles or more
foot_climb,yes,1,foot,climb_m,week,200,400,50,Climb {bar} m on foot this week
hours_moving,yes,1,any,hours,week,2,4,0.5,{bar} hours out and moving this week
steps_days,yes,1,any,steps_days,week,3,5,1,"10,000 steps on {bar} days this week"
run_miles,yes,1,run,miles,week,1,3,0.5,Run {bar} miles this week
two_sports,yes,1,any,sports,week,2,2,1,Do {bar} different sports this week
